<?xml version="1.0" encoding="UTF-8"?>
<beans xmlns="http://www.springframework.org/schema/beans"
	xmlns:context="http://www.springframework.org/schema/context"
	xmlns:xsi="http://www.w3.org/2001/XMLSchema-instance"
	xmlns:mvc="http://www.springframework.org/schema/mvc"
	xmlns:websocket="http://www.springframework.org/schema/websocket"
	xmlns:tx="http://www.springframework.org/schema/tx"
	

	xsi:schemaLocation="
http://www.springframework.org/schema/beans
http://www.springframework.org/schema/beans/spring-beans-3.0.xsd
http://www.springframework.org/schema/mvc
http://www.springframework.org/schema/mvc/spring-mvc-4.0.xsd
 http://www.springframework.org/schema/aop 
  http://www.springframework.org/schema/aop/spring-aop-2.5.xsd
http://www.springframework.org/schema/context
http://www.springframework.org/schema/context/spring-context-3.0.xsd
	http://www.springframework.org/schema/websocket
        http://www.springframework.org/schema/websocket/spring-websocket.xsd
        http://www.springframework.org/schema/tx 
  http://www.springframework.org/schema/tx/spring-tx-3.0.xsd
        
 ">
  
 

 	<tx:annotation-driven transaction-manager="transactionManager" />
	<context:component-scan base-package="com.niit.controller" />
	<context:component-scan base-package="DAO" />
	<context:component-scan base-package="model" />
	
	
	


    <!-- Configuration for web-sockets -->
    <websocket:message-broker application-destination-prefix="/app">
        <websocket:stomp-endpoint path="/chat">
            <websocket:sockjs/>
        </websocket:stomp-endpoint>
        <websocket:simple-broker prefix="/topic"/>
    </websocket:message-broker> 
    
    
    
    
 

 
	<bean
		class="org.springframework.web.servlet.view.InternalResourceViewResolver">
		<property name="prefix">
			<value>/WEB-INF/views/</value>
		</property>
		<property name="suffix">
			<value>.jsp</value>
		</property>
	</bean>
	<mvc:resources mapping="/resource/**" location="/resource/" />
	
	
	<mvc:annotation-driven />
	
	<bean id="mailSender" class="org.springframework.mail.javamail.JavaMailSenderImpl">
        <property name="host" value="smtp.gmail.com" />
        <property name="port" value="587" />
        <property name="username" value="xproforyou" />
        <property name="password" value="password@900" />
        <property name="javaMailProperties">
            <props>
                <prop key="mail.transport.protocol">smtp</prop>
                <prop key="mail.smtp.auth">true</prop>
                <prop key="mail.smtp.starttls.enable">true</prop>
            </props>
        </property>
    </bean>
	
	<bean id="dataSource" class="org.apache.commons.dbcp.BasicDataSource"
        destroy-method="close">
        <property name="driverClassName" value="org.h2.Driver" />
        <property name="url"
            value="jdbc:h2:tcp://localhost/~/rakesh" />
        <property name="username" value="sa" />
        <property name="password" value="" />
    </bean>
    
    <bean id="sessionFactory"
        class="org.springframework.orm.hibernate5.LocalSessionFactoryBean">
        <property name="dataSource" ref="dataSource" />
        <property name="packagesToScan" value="model"/>
        <property name="annotatedClasses">
            <list>
                <value>model.Register</value>
            </list>
        </property>
            
        <property name="hibernateProperties">
        
        
            <props>
                <prop key="hibernate.dialect">org.hibernate.dialect.H2Dialect
                </prop>
                
                <prop key="hibernate.hbm2ddl.auto">create</prop>
                <prop key="hibernate.show_sql">true</prop>
                
        
                
                
            </props>
        </property>
        </bean>
     <bean id="transactionManager"
        class="org.springframework.orm.hibernate5.HibernateTransactionManager">
        <property name="dataSource" ref="dataSource" />
        <property name="sessionFactory" ref="sessionFactory" />
    </bean>  
	
	

	
	
	
 	
	
	
	
	
	
	
	
	
	
	
	
	
	
	
	
	
</beans>



